CITY,DATE,MAX_TEMPERATURE,MIN_TEMPERATURE,PRECIPITATION,SNOW
Dallas,2016-12-19,38,17,0.0,0.0
Dallas,2016-12-18,30,18,0.0,0.0
Dallas,2016-12-17,74,23,0.0,0.0
Dallas,2016-01-18,47,27,0.0,0.0
Dallas,2016-01-23,49,27,0.0,0.0
Dallas,2016-12-09,39,27,0.0,0.0
Dallas,2016-01-10,41,28,0.0,0.0
Dallas,2016-01-11,49,30,0.0,0.0
Dallas,2016-01-17,54,30,0.0,0.0
Dallas,2016-01-04,53,31,0.0,0.0
Dallas,2016-01-05,45,31,0.0,0.0
Dallas,2016-01-27,55,31,0.0,0.0
Dallas,2016-12-20,56,31,0.0,0.0
Dallas,2016-01-22,47,32,0.0,0.0
Dallas,2016-02-04,54,32,0.0,0.0
Dallas,2016-12-08,42,32,0.0,0.0
Dallas,2016-01-03,59,33,0.0,0.0
Dallas,2016-01-20,51,33,0.0,0.0
Dallas,2016-02-07,64,33,0.0,0.0
Dallas,2016-01-12,62,34,0.0,0.0
Dallas,2016-01-16,49,34,0.01,0.0
Dallas,2016-02-26,61,34,0.0,0.0
Dallas,2016-01-09,46,35,0.0,0.0
Dallas,2016-02-09,62,35,0.0,0.0
Dallas,2016-03-21,67,35,0.0,0.0
Dallas,2016-01-21,52,36,0.29,0.0
Dallas,2016-01-28,68,36,0.0,0.0
Dallas,2016-02-03,51,36,0.0,0.0
Dallas,2016-02-05,58,36,0.0,0.0
Dallas,2016-02-10,73,36,0.0,0.0
Dallas,2016-12-15,47,36,0.0,0.0
Dallas,2016-01-13,65,37,0.0,0.0
Dallas,2016-01-19,64,37,0.0,0.0
Dallas,2016-01-24,62,37,0.0,0.0
Dallas,2016-01-26,49,37,0.0,0.0
Dallas,2016-02-06,52,37,0.0,0.0
Dallas,2016-11-20,65,37,0.0,0.0
Dallas,2016-12-10,50,37,0.0,0.0
Dallas,2016-01-01,47,38,0.0,0.0
Dallas,2016-01-02,49,38,0.0,0.0
Dallas,2016-01-29,76,38,0.0,0.0
Dallas,2016-02-25,59,39,0.0,0.0
Dallas,2016-03-20,57,39,0.0,0.0
Dallas,2016-03-25,71,39,0.0,0.0
Dallas,2016-12-01,67,39,0.0,0.0
Dallas,2016-12-07,53,39,0.0,0.0
Dallas,2016-02-24,60,40,0.0,0.0
Dallas,2016-11-19,59,40,0.0,0.0
Dallas,2016-12-12,59,40,0.0,0.0
Dallas,2016-12-21,67,40,0.0,0.0
Dallas,2016-01-06,50,41,1.12,0.0
Dallas,2016-02-08,56,41,0.0,0.0
Dallas,2016-02-13,66,41,0.0,0.0
Dallas,2016-03-19,61,41,0.0,0.0
Dallas,2016-12-14,53,41,0.0,0.0
Dallas,2016-02-23,54,42,1.51,0.0
Dallas,2016-03-28,71,42,0.0,0.0
Dallas,2016-12-23,56,42,0.01,0.0
Dallas,2016-12-30,59,42,0.0,0.0
Dallas,2016-01-08,58,43,0.0,0.0
Dallas,2016-01-14,68,43,0.0,0.0
Dallas,2016-02-17,70,43,0.0,0.0
Dallas,2016-03-04,71,43,0.0,0.0
Dallas,2016-11-30,62,43,0.0,0.0
Dallas,2016-02-12,70,44,0.0,0.0
Dallas,2016-12-13,61,44,0.0,0.0
Dallas,2016-12-22,60,44,0.0,0.0
Dallas,2016-01-15,63,45,0.0,0.0
Dallas,2016-02-01,73,45,0.0,0.0
Dallas,2016-02-02,66,45,0.0,0.0
Dallas,2016-02-27,72,45,0.0,0.0
Dallas,2016-03-02,71,45,0.0,0.0
Dallas,2016-03-24,63,45,0.0,0.0
Dallas,2016-04-02,71,45,0.0,0.0
Dallas,2016-04-03,77,45,0.0,0.0
Dallas,2016-11-21,74,45,0.0,0.0
Dallas,2016-12-02,65,45,0.0,0.0
Dallas,2016-01-07,64,46,0.11,0.0
Dallas,2016-02-11,75,46,0.0,0.0
Dallas,2016-01-30,76,47,0.0,0.0
Dallas,2016-02-16,72,47,0.0,0.0
Dallas,2016-11-24,72,47,0.0,0.0
Dallas,2016-12-16,66,47,0.01,0.0
Dallas,2016-03-05,78,48,0.0,0.0
Dallas,2016-10-11,96,48,0.0,0.0
Dallas,2016-11-26,66,48,0.0,0.0
Dallas,2016-12-03,57,48,0.32,0.0
Dallas,2016-12-04,53,48,0.09,0.0
Dallas,2016-12-05,53,48,0.08,0.0
Dallas,2016-12-06,54,48,0.01,0.0
Dallas,2016-12-29,60,48,0.0,0.0
Dallas,2016-01-25,65,49,0.0,0.0
Dallas,2016-03-18,67,49,0.0,0.0
Dallas,2016-03-22,77,49,0.0,0.0
Dallas,2016-11-23,68,49,0.0,0.0
Dallas,2016-12-11,75,49,0.0,0.0
Dallas,2016-02-15,71,50,0.0,0.0
Dallas,2016-03-26,77,50,0.0,0.0
Dallas,2016-03-27,64,50,0.0,0.0
Dallas,2016-05-03,75,50,0.0,0.0
Dallas,2016-11-18,73,50,0.01,0.0
Dallas,2016-11-25,65,50,0.0,0.0
Dallas,2016-12-31,73,50,0.0,0.0
Dallas,2016-02-18,75,51,0.0,0.0
Dallas,2016-02-22,60,51,0.31,0.0
Dallas,2016-04-01,65,51,0.0,0.0
Dallas,2016-05-02,66,51,0.66,0.0
Dallas,2016-03-03,73,52,0.0,0.0
Dallas,2016-11-12,71,52,0.0,0.0
Dallas,2016-11-15,85,52,0.0,0.0
Dallas,2016-12-27,72,52,0.0,0.0
Dallas,2016-01-31,74,53,0.0,0.0
Dallas,2016-02-29,75,53,0.0,0.0
Dallas,2016-03-01,71,53,0.0,0.0
Dallas,2016-03-14,89,53,0.0,0.0
Dallas,2016-03-16,78,53,0.0,0.0
Dallas,2016-04-04,85,53,0.0,0.0
Dallas,2016-10-21,75,53,0.0,0.0
Dallas,2016-11-10,72,53,0.0,0.0
Dallas,2016-11-11,77,53,0.0,0.0
Dallas,2016-11-29,74,53,0.0,0.0
Dallas,2016-02-28,74,54,0.0,0.0
Dallas,2016-04-07,87,54,0.0,0.0
Dallas,2016-10-09,77,54,0.0,0.0
Dallas,2016-10-22,78,54,0.0,0.0
Dallas,2016-11-13,72,54,0.0,0.0
Dallas,2016-11-16,86,54,0.0,0.0
Dallas,2016-11-27,69,54,0.0,0.0
Dallas,2016-02-21,72,55,0.19,0.0
Dallas,2016-03-06,73,55,0.0,0.0
Dallas,2016-03-08,70,55,1.27,0.0
Dallas,2016-03-29,77,55,0.0,0.0
Dallas,2016-04-15,74,55,0.0,0.0
Dallas,2016-10-08,80,55,0.0,0.0
Dallas,2016-12-24,75,55,0.0,0.0
Dallas,2016-02-14,67,56,0.0,0.0
Dallas,2016-04-09,71,56,0.01,0.0
Dallas,2016-04-13,63,56,0.01,0.0
Dallas,2016-04-22,82,56,0.0,0.0
Dallas,2016-05-06,85,56,0.0,0.0
Dallas,2016-10-10,82,56,0.0,0.0
Dallas,2016-10-23,81,56,0.0,0.0
Dallas,2016-11-09,70,56,0.0,0.0
Dallas,2016-11-14,80,56,0.0,0.0
Dallas,2016-03-13,80,57,0.0,0.0
Dallas,2016-03-17,66,57,0.01,0.0
Dallas,2016-04-05,87,57,0.0,0.0
Dallas,2016-04-08,74,57,0.0,0.0
Dallas,2016-04-14,74,57,0.0,0.0
Dallas,2016-04-23,82,57,0.0,0.0
Dallas,2016-05-04,83,57,0.0,0.0
Dallas,2016-05-05,83,57,0.0,0.0
Dallas,2016-05-18,64,57,0.05,0.0
Dallas,2016-09-30,81,57,0.0,0.0
Dallas,2016-11-28,73,57,0.26,0.0
Dallas,2016-12-28,82,57,0.0,0.0
Dallas,2016-03-09,62,58,0.8,0.0
Dallas,2016-03-10,63,58,0.26,0.0
Dallas,2016-03-11,63,58,0.07,0.0
Dallas,2016-03-23,82,58,0.25,0.0
Dallas,2016-04-12,71,58,0.04,0.0
Dallas,2016-09-28,90,58,0.0,0.0
Dallas,2016-03-12,73,59,0.0,0.0
Dallas,2016-05-19,72,59,0.5,0.0
Dallas,2016-11-17,81,59,0.0,0.0
Dallas,2016-04-06,79,60,0.0,0.0
Dallas,2016-04-21,80,60,0.3,0.0
Dallas,2016-05-01,76,60,0.0,0.0
Dallas,2016-10-13,75,60,0.0,0.0
Dallas,2016-02-19,79,61,0.0,0.0
Dallas,2016-03-31,76,61,0.0,0.0
Dallas,2016-04-20,73,61,1.48,0.0
Dallas,2016-04-28,86,61,0.01,0.0
Dallas,2016-04-30,77,61,0.0,0.0
Dallas,2016-05-07,85,61,0.0,0.0
Dallas,2016-05-15,75,61,0.01,0.0
Dallas,2016-10-20,78,61,0.37,0.0
Dallas,2016-11-05,72,61,0.0,0.0
Dallas,2016-11-22,72,61,0.14,0.0
Dallas,2016-03-15,83,62,0.0,0.0
Dallas,2016-04-10,77,62,0.0,0.0
Dallas,2016-04-11,88,62,0.03,0.0
Dallas,2016-04-17,70,62,1.71,0.0
Dallas,2016-05-13,84,62,0.0,0.0
Dallas,2016-05-14,77,62,0.22,0.0
Dallas,2016-05-20,83,62,0.0,0.0
Dallas,2016-09-27,78,62,0.0,0.0
Dallas,2016-09-29,80,62,0.0,0.0
Dallas,2016-10-07,80,62,1.05,0.0
Dallas,2016-10-14,76,62,0.14,0.0
Dallas,2016-11-06,70,62,0.35,0.0
Dallas,2016-11-07,69,62,3.23,0.0
Dallas,2016-11-08,66,62,0.16,0.0
Dallas,2016-03-07,72,63,0.01,0.0
Dallas,2016-04-24,80,63,0.0,0.0
Dallas,2016-04-26,87,63,0.71,0.0
Dallas,2016-04-27,83,63,0.0,0.0
Dallas,2016-05-17,84,63,0.0,0.0
Dallas,2016-10-01,84,63,0.0,0.0
Dallas,2016-10-31,87,63,0.0,0.0
Dallas,2016-12-26,73,63,0.0,0.0
Dallas,2016-04-16,82,64,0.0,0.0
Dallas,2016-04-18,74,64,1.44,0.0
Dallas,2016-04-19,79,64,0.0,0.0
Dallas,2016-09-11,90,64,0.0,0.0
Dallas,2016-10-02,85,64,0.0,0.0
Dallas,2016-03-30,80,65,0.18,0.0
Dallas,2016-05-16,80,65,0.01,0.0
Dallas,2016-05-21,85,65,0.0,0.0
Dallas,2016-09-26,73,65,1.29,0.0
Dallas,2016-10-03,86,65,0.0,0.0
Dallas,2016-10-25,82,65,0.0,0.0
Dallas,2016-10-26,85,65,0.0,0.0
Dallas,2016-10-28,86,65,0.0,0.0
Dallas,2016-10-30,88,65,0.0,0.0
Dallas,2016-02-20,76,66,0.0,0.0
Dallas,2016-06-06,90,66,0.0,0.0
Dallas,2016-10-12,91,66,0.0,0.0
Dallas,2016-11-04,76,66,0.0,0.0
Dallas,2016-05-09,88,67,0.17,0.0
Dallas,2016-05-23,84,67,0.22,0.0
Dallas,2016-05-26,83,67,0.32,0.0
Dallas,2016-05-27,81,67,0.6,0.0
Dallas,2016-05-28,87,67,0.0,0.0
Dallas,2016-10-24,84,67,0.0,0.0
Dallas,2016-10-27,88,67,0.0,0.0
Dallas,2016-10-29,86,67,0.0,0.0
Dallas,2016-04-25,87,68,0.0,0.0
Dallas,2016-05-08,75,68,0.07,0.0
Dallas,2016-05-12,85,68,0.01,0.0
Dallas,2016-05-29,88,68,0.18,0.0
Dallas,2016-05-30,86,68,0.36,0.0
Dallas,2016-05-31,88,68,1.81,0.0
Dallas,2016-06-01,82,68,0.23,0.0
Dallas,2016-11-03,77,68,0.81,0.0
Dallas,2016-12-25,80,68,0.0,0.0
Dallas,2016-05-11,89,69,0.51,0.0
Dallas,2016-06-03,84,69,0.03,0.0
Dallas,2016-06-05,90,69,0.0,0.0
Dallas,2016-06-07,93,69,0.0,0.0
Dallas,2016-09-10,87,69,0.05,0.0
Dallas,2016-09-12,97,69,0.0,0.0
Dallas,2016-10-04,90,69,0.0,0.0
Dallas,2016-04-29,84,70,0.08,0.0
Dallas,2016-06-02,77,70,1.48,0.0
Dallas,2016-06-04,86,70,0.35,0.0
Dallas,2016-06-08,93,70,0.0,0.0
Dallas,2016-07-04,93,70,0.86,0.0
Dallas,2016-07-15,92,70,0.36,0.0
Dallas,2016-10-15,88,70,0.0,0.0
Dallas,2016-05-22,86,71,0.0,0.0
Dallas,2016-08-19,88,71,1.31,0.0
Dallas,2016-11-01,87,71,0.0,0.0
Dallas,2016-09-03,90,72,0.0,0.0
Dallas,2016-05-10,94,73,0.29,0.0
Dallas,2016-08-15,81,73,0.1,0.0
Dallas,2016-08-16,83,73,0.0,0.0
Dallas,2016-08-20,82,73,0.64,0.0
Dallas,2016-08-21,91,73,0.0,0.0
Dallas,2016-09-04,93,73,0.0,0.0
Dallas,2016-09-18,98,73,0.11,0.0
Dallas,2016-09-22,95,73,0.0,0.0
Dallas,2016-09-25,80,73,0.04,0.0
Dallas,2016-10-16,90,73,0.0,0.0
Dallas,2016-10-17,92,73,0.0,0.0
Dallas,2016-11-02,84,73,0.0,0.0
Dallas,2016-05-24,87,74,0.04,0.0
Dallas,2016-06-12,92,74,0.3,0.0
Dallas,2016-06-13,92,74,0.9,0.0
Dallas,2016-06-14,93,74,0.0,0.0
Dallas,2016-08-17,79,74,0.49,0.0
Dallas,2016-09-01,93,74,0.03,0.0
Dallas,2016-09-02,90,74,0.0,0.0
Dallas,2016-10-18,93,74,0.0,0.0
Dallas,2016-10-19,91,74,0.0,0.0
Dallas,2016-06-09,93,75,0.0,0.0
Dallas,2016-06-29,94,75,0.0,0.0
Dallas,2016-07-10,95,75,0.0,0.0
Dallas,2016-08-18,89,75,0.35,0.0
Dallas,2016-08-27,92,75,0.0,0.0
Dallas,2016-08-28,92,75,0.0,0.0
Dallas,2016-08-29,92,75,0.0,0.0
Dallas,2016-08-30,95,75,0.0,0.0
Dallas,2016-09-13,93,75,0.0,0.0
Dallas,2016-10-05,93,75,0.0,0.0
Dallas,2016-10-06,92,75,0.0,0.0
Dallas,2016-06-19,94,76,0.0,0.0
Dallas,2016-06-30,95,76,0.0,0.0
Dallas,2016-07-05,94,76,2.58,0.0
Dallas,2016-07-09,94,76,0.01,0.0
Dallas,2016-08-14,90,76,0.0,0.0
Dallas,2016-08-22,90,76,0.41,0.0
Dallas,2016-08-24,95,76,0.0,0.0
Dallas,2016-05-25,87,77,0.0,0.0
Dallas,2016-06-10,92,77,0.0,0.0
Dallas,2016-06-11,87,77,0.07,0.0
Dallas,2016-06-20,96,77,0.0,0.0
Dallas,2016-06-27,99,77,0.49,0.0
Dallas,2016-07-16,98,77,0.0,0.0
Dallas,2016-08-26,91,77,0.0,0.0
Dallas,2016-09-05,94,77,0.0,0.0
Dallas,2016-09-15,95,77,0.0,0.0
Dallas,2016-09-21,94,77,0.0,0.0
Dallas,2016-09-24,92,77,0.22,0.0
Dallas,2016-06-15,96,78,0.0,0.0
Dallas,2016-06-17,97,78,0.0,0.0
Dallas,2016-06-28,95,78,0.02,0.0
Dallas,2016-07-08,97,78,0.0,0.0
Dallas,2016-07-26,98,78,0.12,0.0
Dallas,2016-07-29,96,78,0.0,0.0
Dallas,2016-08-23,95,78,0.0,0.0
Dallas,2016-08-25,96,78,0.0,0.0
Dallas,2016-08-31,97,78,0.0,0.0
Dallas,2016-09-06,95,78,0.0,0.0
Dallas,2016-09-09,96,78,0.0,0.0
Dallas,2016-09-14,94,78,0.0,0.0
Dallas,2016-09-16,97,78,0.0,0.0
Dallas,2016-09-17,97,78,0.0,0.0
Dallas,2016-09-23,95,78,0.0,0.0
Dallas,2016-06-16,96,79,0.0,0.0
Dallas,2016-06-21,98,79,0.0,0.0
Dallas,2016-06-24,98,79,0.0,0.0
Dallas,2016-06-25,95,79,0.0,0.0
Dallas,2016-07-01,96,79,0.0,0.0
Dallas,2016-07-06,97,79,0.0,0.0
Dallas,2016-07-07,97,79,0.0,0.0
Dallas,2016-07-11,97,79,0.0,0.0
Dallas,2016-07-12,96,79,0.0,0.0
Dallas,2016-07-13,99,79,0.0,0.0
Dallas,2016-07-14,98,79,0.0,0.0
Dallas,2016-07-17,96,79,0.0,0.0
Dallas,2016-07-18,96,79,0.0,0.0
Dallas,2016-08-13,96,79,0.0,0.0
Dallas,2016-09-07,96,79,0.0,0.0
Dallas,2016-09-08,97,79,0.0,0.0
Dallas,2016-06-18,97,80,0.0,0.0
Dallas,2016-06-22,97,80,0.0,0.0
Dallas,2016-06-23,95,80,0.0,0.0
Dallas,2016-06-26,96,80,0.0,0.0
Dallas,2016-07-02,96,80,0.0,0.0
Dallas,2016-07-03,97,80,0.05,0.0
Dallas,2016-07-19,96,80,0.0,0.0
Dallas,2016-07-27,96,80,0.0,0.0
Dallas,2016-07-28,98,80,0.0,0.0
Dallas,2016-08-01,101,80,0.0,0.0
Dallas,2016-08-02,101,80,0.0,0.0
Dallas,2016-09-19,100,80,0.0,0.0
Dallas,2016-09-20,99,80,0.0,0.0
Dallas,2016-07-20,98,81,0.0,0.0
Dallas,2016-07-22,100,81,0.0,0.0
Dallas,2016-07-31,99,81,0.0,0.0
Dallas,2016-08-12,106,81,0.23,0.0
Dallas,2016-07-24,100,82,0.0,0.0
Dallas,2016-07-25,100,82,0.0,0.0
Dallas,2016-07-30,100,82,0.0,0.0
Dallas,2016-07-21,99,83,0.0,0.0
Dallas,2016-07-23,100,83,0.0,0.0
Dallas,2016-08-04,101,83,0.0,0.0
Dallas,2016-08-08,102,83,0.0,0.0
Dallas,2016-08-09,102,83,0.0,0.0
Dallas,2016-08-03,101,84,0.0,0.0
Dallas,2016-08-05,101,84,0.0,0.0
Dallas,2016-08-06,101,84,0.0,0.0
Dallas,2016-08-07,102,84,0.0,0.0
Dallas,2016-08-10,102,84,0.0,0.0
Dallas,2016-08-11,104,85,0.0,0.0
Atlanta,2016-01-19,39,20,0.0,0.0
Atlanta,2016-02-10,39,22,0.0,0.0
Atlanta,2016-01-11,45,23,0.0,0.0
Atlanta,2016-01-24,53,23,0.0,0.0
Atlanta,2016-01-18,38,25,0.0,0.0
Atlanta,2016-01-05,44,26,0.0,0.0
Atlanta,2016-01-06,46,26,0.0,0.0
Atlanta,2016-12-10,50,26,0.0,0.0
Atlanta,2016-01-23,34,27,0.0,0.1
Atlanta,2016-02-09,37,27,0.0,0.0
Atlanta,2016-12-09,44,27,0.0,0.0
Atlanta,2016-01-12,53,28,0.0,0.0
Atlanta,2016-02-11,56,28,0.0,0.0
Atlanta,2016-02-14,48,28,0.0,0.0
Atlanta,2016-12-16,48,28,0.0,0.0
Atlanta,2016-02-07,56,29,0.0,0.0
Atlanta,2016-02-13,43,29,0.0,0.0
Atlanta,2016-12-15,44,29,0.0,0.0
Atlanta,2016-01-10,53,30,0.06,0.0
Atlanta,2016-01-13,51,30,0.0,0.0
Atlanta,2016-01-20,45,30,0.06,0.0
Atlanta,2016-02-05,50,30,0.0,0.0
Atlanta,2016-12-11,50,30,0.0,0.0
Atlanta,2016-01-14,60,31,0.0,0.0
Atlanta,2016-01-22,45,31,1.94,0.2
Atlanta,2016-01-25,58,31,0.0,0.0
Atlanta,2016-02-06,51,31,0.0,0.0
Atlanta,2016-01-04,45,32,0.0,0.0
Atlanta,2016-12-19,45,32,0.0,0.0
Atlanta,2016-01-17,48,33,0.13,0.0
Atlanta,2016-02-18,61,33,0.0,0.0
Atlanta,2016-12-18,72,33,0.14,0.0
Atlanta,2016-12-21,63,33,0.0,0.0
Atlanta,2016-12-31,47,33,0.15,0.0
Atlanta,2016-01-30,67,34,0.0,0.0
Atlanta,2016-02-15,53,34,1.47,0.0
Atlanta,2016-01-02,47,35,0.0,0.0
Atlanta,2016-01-03,53,35,0.0,0.0
Atlanta,2016-02-27,60,35,0.0,0.0
Atlanta,2016-03-05,63,35,0.0,0.0
Atlanta,2016-11-27,61,35,0.0,0.0
Atlanta,2016-12-20,48,35,0.0,0.0
Atlanta,2016-12-30,51,35,0.0,0.0
Atlanta,2016-02-08,54,36,0.0,0.0
Atlanta,2016-02-26,52,36,0.0,0.0
Atlanta,2016-11-21,61,36,0.0,0.0
Atlanta,2016-12-08,49,36,0.0,0.0
Atlanta,2016-01-21,50,37,0.7,0.0
Atlanta,2016-02-04,53,37,0.0,0.0
Atlanta,2016-02-17,53,37,0.0,0.0
Atlanta,2016-03-03,48,37,1.16,0.0
Atlanta,2016-03-21,57,37,0.0,0.0
Atlanta,2016-11-20,56,37,0.0,0.0
Atlanta,2016-12-17,67,37,0.0,0.0
Atlanta,2016-01-29,57,38,0.0,0.0
Atlanta,2016-02-12,64,38,0.0,0.0
Atlanta,2016-02-25,53,38,0.0,0.0
Atlanta,2016-02-28,68,38,0.0,0.0
Atlanta,2016-03-22,68,38,0.0,0.0
Atlanta,2016-11-22,65,38,0.0,0.0
Atlanta,2016-12-02,61,38,0.0,0.0
Atlanta,2016-01-01,46,39,0.0,0.0
Atlanta,2016-01-26,61,39,0.11,0.0
Atlanta,2016-01-27,51,39,0.11,0.0
Atlanta,2016-03-04,55,39,0.0,0.0
Atlanta,2016-11-26,61,39,0.0,0.0
Atlanta,2016-01-07,60,40,0.0,0.0
Atlanta,2016-01-15,51,40,1.45,0.0
Atlanta,2016-01-28,53,40,0.0,0.0
Atlanta,2016-02-16,61,40,0.1,0.0
Atlanta,2016-02-19,65,40,0.0,0.0
Atlanta,2016-03-02,53,40,0.0,0.0
Atlanta,2016-03-20,57,40,0.0,0.0
Atlanta,2016-04-10,63,40,0.0,0.0
Atlanta,2016-11-14,67,40,0.0,0.0
Atlanta,2016-12-12,64,40,0.0,0.0
Atlanta,2016-12-14,59,40,0.0,0.0
Atlanta,2016-02-24,65,41,0.9,0.0
Atlanta,2016-03-06,68,41,0.0,0.0
Atlanta,2016-11-19,60,41,0.0,0.0
Atlanta,2016-12-01,58,41,0.0,0.0
Atlanta,2016-12-23,62,41,0.0,0.0
Atlanta,2016-11-10,70,42,0.0,0.0
Atlanta,2016-11-23,69,42,0.0,0.0
Atlanta,2016-12-03,58,42,0.09,0.0
Atlanta,2016-01-16,59,43,0.0,0.0
Atlanta,2016-03-07,69,43,0.0,0.0
Atlanta,2016-11-15,71,43,0.0,0.0
Atlanta,2016-12-29,66,43,0.64,0.0
Atlanta,2016-10-23,76,44,0.0,0.0
Atlanta,2016-12-04,47,44,0.8,0.0
Atlanta,2016-12-05,53,44,0.94,0.0
Atlanta,2016-12-07,62,44,0.0,0.0
Atlanta,2016-01-31,68,45,0.0,0.0
Atlanta,2016-03-23,72,45,0.0,0.0
Atlanta,2016-03-29,73,45,0.0,0.0
Atlanta,2016-04-06,67,45,0.29,0.0
Atlanta,2016-04-09,62,45,0.0,0.0
Atlanta,2016-11-11,71,45,0.0,0.0
Atlanta,2016-11-13,55,45,0.0,0.0
Atlanta,2016-04-04,77,46,0.0,0.0
Atlanta,2016-05-06,71,46,0.0,0.0
Atlanta,2016-10-22,68,46,0.0,0.0
Atlanta,2016-12-22,66,46,0.0,0.0
Atlanta,2016-12-24,73,46,0.0,0.0
Atlanta,2016-01-09,51,47,0.37,0.0
Atlanta,2016-04-03,70,47,0.0,0.0
Atlanta,2016-11-06,75,47,0.0,0.0
Atlanta,2016-11-16,73,47,0.0,0.0
Atlanta,2016-11-17,79,47,0.0,0.0
Atlanta,2016-11-28,68,47,0.0,0.0
Atlanta,2016-12-28,67,47,0.0,0.0
Atlanta,2016-01-08,54,48,0.21,0.0
Atlanta,2016-03-08,73,48,0.0,0.0
Atlanta,2016-03-30,72,48,0.0,0.0
Atlanta,2016-04-08,64,48,0.0,0.0
Atlanta,2016-04-11,72,48,0.59,0.0
Atlanta,2016-04-17,74,48,0.0,0.0
Atlanta,2016-02-20,63,49,0.0,0.0
Atlanta,2016-04-07,72,49,0.0,0.0
Atlanta,2016-05-05,67,49,0.0,0.0
Atlanta,2016-11-08,69,49,0.0,0.0
Atlanta,2016-11-18,79,49,0.0,0.0
Atlanta,2016-02-29,72,50,0.0,0.0
Atlanta,2016-04-05,68,50,0.0,0.0
Atlanta,2016-04-18,80,50,0.0,0.0
Atlanta,2016-05-07,80,50,0.0,0.0
Atlanta,2016-05-15,72,50,0.0,0.0
Atlanta,2016-10-12,78,50,0.0,0.0
Atlanta,2016-11-07,73,50,0.0,0.0
Atlanta,2016-12-13,54,50,0.06,0.0
Atlanta,2016-03-01,72,51,0.48,0.0
Atlanta,2016-04-02,65,51,0.0,0.0
Atlanta,2016-10-11,75,51,0.0,0.0
Atlanta,2016-11-25,74,51,0.0,0.0
Atlanta,2016-11-30,73,51,0.66,0.0
Atlanta,2016-12-25,74,51,0.0,0.0
Atlanta,2016-02-23,60,52,1.23,0.0
Atlanta,2016-04-13,64,52,0.0,0.0
Atlanta,2016-09-30,75,52,0.0,0.0
Atlanta,2016-10-09,82,52,0.0,0.0
Atlanta,2016-10-21,72,52,0.0,0.0
Atlanta,2016-10-26,77,52,0.0,0.0
Atlanta,2016-11-05,72,52,0.0,0.0
Atlanta,2016-11-09,70,52,0.0,0.0
Atlanta,2016-12-06,64,52,0.17,0.0
Atlanta,2016-02-03,68,53,2.09,0.0
Atlanta,2016-04-15,67,53,0.0,0.0
Atlanta,2016-05-04,72,53,0.02,0.0
Atlanta,2016-05-16,77,53,0.0,0.0
Atlanta,2016-10-24,81,53,0.0,0.0
Atlanta,2016-11-12,63,53,0.0,0.0
Atlanta,2016-11-24,76,53,0.0,0.0
Atlanta,2016-02-02,76,54,0.01,0.0
Atlanta,2016-03-09,76,54,0.0,0.0
Atlanta,2016-03-17,77,54,0.0,0.0
Atlanta,2016-03-18,76,54,0.0,0.0
Atlanta,2016-03-19,74,54,0.01,0.0
Atlanta,2016-03-24,75,54,0.22,0.0
Atlanta,2016-03-28,72,54,0.01,0.0
Atlanta,2016-04-12,72,54,0.08,0.0
Atlanta,2016-04-16,72,54,0.0,0.0
Atlanta,2016-04-19,82,54,0.0,0.0
Atlanta,2016-05-14,82,54,0.0,0.0
Atlanta,2016-02-21,67,55,0.04,0.0
Atlanta,2016-03-15,85,55,0.0,0.0
Atlanta,2016-04-21,79,55,0.03,0.0
Atlanta,2016-04-23,76,55,0.0,0.0
Atlanta,2016-10-01,80,55,0.0,0.0
Atlanta,2016-10-10,78,55,0.0,0.0
Atlanta,2016-11-29,69,55,2.32,0.0
Atlanta,2016-12-26,61,55,0.0,0.0
Atlanta,2016-12-27,72,55,0.01,0.0
Atlanta,2016-02-01,70,56,0.03,0.0
Atlanta,2016-03-26,67,56,0.02,0.0
Atlanta,2016-04-14,69,56,0.01,0.0
Atlanta,2016-04-24,79,56,0.0,0.0
Atlanta,2016-05-23,83,56,0.0,0.0
Atlanta,2016-10-13,83,56,0.0,0.0
Atlanta,2016-10-25,78,56,0.0,0.0
Atlanta,2016-03-14,76,57,0.0,0.0
Atlanta,2016-10-30,86,57,0.0,0.0
Atlanta,2016-02-22,63,58,1.52,0.0
Atlanta,2016-03-25,74,58,0.0,0.0
Atlanta,2016-05-22,79,58,0.0,0.0
Atlanta,2016-10-02,81,58,0.0,0.0
Atlanta,2016-03-10,78,59,0.0,0.0
Atlanta,2016-05-08,87,59,0.0,0.0
Atlanta,2016-09-29,78,59,0.0,0.0
Atlanta,2016-10-29,85,59,0.0,0.0
Atlanta,2016-11-01,82,59,0.0,0.0
Atlanta,2016-04-01,70,60,1.21,0.0
Atlanta,2016-10-14,80,60,0.0,0.0
Atlanta,2016-10-27,82,60,0.0,0.0
Atlanta,2016-10-28,84,60,0.0,0.0
Atlanta,2016-10-31,86,60,0.0,0.0
Atlanta,2016-03-12,77,61,0.0,0.0
Atlanta,2016-03-27,66,61,0.14,0.0
Atlanta,2016-04-22,72,61,0.28,0.0
Atlanta,2016-04-26,82,61,0.0,0.0
Atlanta,2016-05-03,78,61,0.0,0.0
Atlanta,2016-05-13,80,61,0.0,0.0
Atlanta,2016-05-20,68,61,0.08,0.0
Atlanta,2016-05-24,85,61,0.0,0.0
Atlanta,2016-10-03,85,61,0.0,0.0
Atlanta,2016-10-06,81,61,0.0,0.0
Atlanta,2016-11-02,78,61,0.0,0.0
Atlanta,2016-11-04,80,61,0.0,0.0
Atlanta,2016-03-11,79,62,0.0,0.0
Atlanta,2016-03-13,77,62,0.0,0.0
Atlanta,2016-03-16,81,62,0.0,0.0
Atlanta,2016-03-31,73,62,0.17,0.0
Atlanta,2016-04-20,82,62,0.0,0.0
Atlanta,2016-04-25,80,62,0.0,0.0
Atlanta,2016-04-27,84,62,0.0,0.0
Atlanta,2016-05-09,78,62,0.0,0.0
Atlanta,2016-05-19,80,62,0.02,0.0
Atlanta,2016-06-08,87,62,0.0,0.0
Atlanta,2016-06-09,89,62,0.0,0.0
Atlanta,2016-10-05,83,62,0.0,0.0
Atlanta,2016-10-17,83,62,0.0,0.0
Atlanta,2016-10-18,86,62,0.0,0.0
Atlanta,2016-11-03,84,62,0.0,0.0
Atlanta,2016-04-29,88,63,0.0,0.0
Atlanta,2016-05-21,82,63,0.07,0.0
Atlanta,2016-10-15,79,63,0.0,0.0
Atlanta,2016-10-16,81,63,0.03,0.0
Atlanta,2016-05-11,87,64,0.0,0.0
Atlanta,2016-05-17,73,64,0.79,0.0
Atlanta,2016-05-25,87,64,0.0,0.0
Atlanta,2016-06-20,87,64,0.0,0.0
Atlanta,2016-10-04,84,65,0.0,0.0
Atlanta,2016-10-08,85,65,0.0,0.0
Atlanta,2016-04-28,86,66,0.0,0.0
Atlanta,2016-05-01,83,66,0.21,0.0
Atlanta,2016-05-02,83,66,0.0,0.0
Atlanta,2016-05-10,82,66,0.0,0.0
Atlanta,2016-05-12,86,66,0.06,0.0
Atlanta,2016-05-18,81,66,0.0,0.0
Atlanta,2016-05-28,87,66,0.0,0.0
Atlanta,2016-09-28,87,66,0.0,0.0
Atlanta,2016-10-19,88,66,0.0,0.0
Atlanta,2016-10-20,88,66,0.0,0.0
Atlanta,2016-05-29,90,67,0.0,0.0
Atlanta,2016-05-30,93,67,0.0,0.0
Atlanta,2016-10-07,79,67,0.13,0.0
Atlanta,2016-04-30,87,68,0.66,0.0
Atlanta,2016-05-27,86,68,0.0,0.0
Atlanta,2016-06-02,89,68,0.06,0.0
Atlanta,2016-06-19,84,68,0.0,0.0
Atlanta,2016-09-04,87,68,0.0,0.0
Atlanta,2016-09-06,92,68,0.0,0.0
Atlanta,2016-06-03,93,69,0.0,0.0
Atlanta,2016-06-07,90,69,0.0,0.0
Atlanta,2016-06-21,92,69,0.0,0.0
Atlanta,2016-09-03,81,69,0.0,0.0
Atlanta,2016-09-05,88,69,0.0,0.0
Atlanta,2016-09-07,93,69,0.0,0.0
Atlanta,2016-09-09,93,69,0.0,0.0
Atlanta,2016-09-13,87,69,0.0,0.0
Atlanta,2016-05-26,88,70,0.0,0.0
Atlanta,2016-07-06,89,70,0.73,0.0
Atlanta,2016-07-12,91,70,0.0,0.0
Atlanta,2016-07-22,92,70,0.0,0.0
Atlanta,2016-09-08,93,70,0.0,0.0
Atlanta,2016-09-10,91,70,0.0,0.0
Atlanta,2016-09-17,86,70,0.0,0.0
Atlanta,2016-09-19,88,70,0.0,0.0
Atlanta,2016-09-21,90,70,0.0,0.0
Atlanta,2016-09-22,89,70,0.0,0.0
Atlanta,2016-09-23,90,70,0.0,0.0
Atlanta,2016-09-25,92,70,0.0,0.0
Atlanta,2016-09-27,89,70,0.06,0.0
Atlanta,2016-06-01,92,71,0.0,0.0
Atlanta,2016-06-04,88,71,0.09,0.0
Atlanta,2016-06-05,84,71,0.01,0.0
Atlanta,2016-06-16,94,71,0.0,0.0
Atlanta,2016-06-27,93,71,0.0,0.0
Atlanta,2016-06-29,94,71,0.0,0.0
Atlanta,2016-07-07,94,71,0.0,0.0
Atlanta,2016-07-10,93,71,0.0,0.0
Atlanta,2016-07-11,91,71,0.03,0.0
Atlanta,2016-07-14,94,71,0.0,0.0
Atlanta,2016-07-20,97,71,0.03,0.0
Atlanta,2016-08-19,93,71,0.85,0.0
Atlanta,2016-08-22,89,71,0.0,0.0
Atlanta,2016-09-12,90,71,0.0,0.0
Atlanta,2016-09-15,93,71,0.0,0.0
Atlanta,2016-09-16,89,71,0.0,0.0
Atlanta,2016-09-26,89,71,0.0,0.0
Atlanta,2016-05-31,92,72,0.0,0.0
Atlanta,2016-06-06,82,72,1.05,0.0
Atlanta,2016-06-10,93,72,0.0,0.0
Atlanta,2016-06-11,96,72,0.0,0.0
Atlanta,2016-06-14,96,72,1.15,0.0
Atlanta,2016-06-15,89,72,0.0,0.0
Atlanta,2016-06-17,95,72,0.06,0.0
Atlanta,2016-06-18,81,72,0.0,0.0
Atlanta,2016-06-23,93,72,0.0,0.0
Atlanta,2016-06-26,89,72,0.28,0.0
Atlanta,2016-06-28,92,72,0.56,0.0
Atlanta,2016-06-30,93,72,0.0,0.0
Atlanta,2016-07-05,90,72,0.85,0.0
Atlanta,2016-07-13,94,72,0.0,0.0
Atlanta,2016-07-17,95,72,0.0,0.0
Atlanta,2016-07-31,93,72,0.57,0.0
Atlanta,2016-08-21,89,72,0.35,0.0
Atlanta,2016-08-25,92,72,0.0,0.0
Atlanta,2016-09-02,83,72,1.69,0.0
Atlanta,2016-09-11,91,72,0.0,0.0
Atlanta,2016-09-14,91,72,0.0,0.0
Atlanta,2016-09-18,79,72,0.71,0.0
Atlanta,2016-09-20,89,72,0.0,0.0
Atlanta,2016-09-24,92,72,0.0,0.0
Atlanta,2016-06-22,92,73,0.0,0.0
Atlanta,2016-07-02,96,73,0.0,0.0
Atlanta,2016-07-15,92,73,0.0,0.0
Atlanta,2016-07-16,89,73,0.0,0.0
Atlanta,2016-07-19,98,73,0.4,0.0
Atlanta,2016-07-29,93,73,0.0,0.0
Atlanta,2016-07-30,89,73,0.67,0.0
Atlanta,2016-08-01,90,73,0.0,0.0
Atlanta,2016-08-03,92,73,0.0,0.0
Atlanta,2016-08-06,96,73,0.0,0.0
Atlanta,2016-08-14,93,73,0.0,0.0
Atlanta,2016-08-15,91,73,0.0,0.0
Atlanta,2016-08-20,89,73,0.02,0.0
Atlanta,2016-08-23,93,73,0.0,0.0
Atlanta,2016-08-24,85,73,0.8,0.0
Atlanta,2016-08-30,91,73,0.0,0.0
Atlanta,2016-06-12,96,74,0.0,0.0
Atlanta,2016-07-03,98,74,0.0,0.0
Atlanta,2016-07-18,93,74,0.0,0.0
Atlanta,2016-07-21,95,74,0.01,0.0
Atlanta,2016-07-26,96,74,0.0,0.0
Atlanta,2016-07-27,92,74,0.0,0.0
Atlanta,2016-07-28,91,74,0.0,0.0
Atlanta,2016-08-02,92,74,0.04,0.0
Atlanta,2016-08-10,87,74,0.14,0.0
Atlanta,2016-08-13,91,74,0.0,0.0
Atlanta,2016-08-17,96,74,0.03,0.0
Atlanta,2016-08-18,97,74,0.04,0.0
Atlanta,2016-08-27,92,74,0.0,0.0
Atlanta,2016-08-28,91,74,0.0,0.0
Atlanta,2016-08-29,90,74,0.0,0.0
Atlanta,2016-09-01,92,74,0.97,0.0
Atlanta,2016-06-13,97,75,0.0,0.0
Atlanta,2016-06-24,96,75,0.0,0.0
Atlanta,2016-07-01,94,75,0.0,0.0
Atlanta,2016-07-24,96,75,0.0,0.0
Atlanta,2016-08-05,94,75,0.0,0.0
Atlanta,2016-08-09,87,75,0.08,0.0
Atlanta,2016-08-11,90,75,0.0,0.0
Atlanta,2016-08-31,92,75,0.0,0.0
Atlanta,2016-06-25,100,76,0.0,0.0
Atlanta,2016-07-04,95,76,0.0,0.0
Atlanta,2016-07-09,94,76,0.0,0.0
Atlanta,2016-07-23,93,76,0.0,0.0
Atlanta,2016-07-25,98,76,0.37,0.0
Atlanta,2016-08-04,93,76,0.25,0.0
Atlanta,2016-08-07,96,76,0.24,0.0
Atlanta,2016-08-08,88,76,0.22,0.0
Atlanta,2016-08-12,92,76,0.0,0.0
Atlanta,2016-08-16,92,76,0.0,0.0
Atlanta,2016-08-26,94,76,0.0,0.0
Atlanta,2016-07-08,95,79,0.0,0.0
Chicago,2016-01-19,17,0,0.0,0.0
Chicago,2016-01-10,23,2,0.0,0.0
Chicago,2016-02-13,17,2,0.0,0.0
Chicago,2016-12-13,22,2,0.0,0.1
Chicago,2016-01-12,20,3,0.01,0.1
Chicago,2016-12-14,19,3,0.0,0.0
Chicago,2016-02-11,21,7,0.0,0.0
Chicago,2016-02-12,23,7,0.0,0.0
Chicago,2016-12-12,32,7,0.0,0.0
Chicago,2016-12-16,20,7,0.13,1.2
Chicago,2016-01-16,30,9,0.0,0.0
Chicago,2016-01-21,29,9,0.0,0.0
Chicago,2016-02-10,18,9,0.0,0.0
Chicago,2016-02-14,18,9,0.1,2.3
Chicago,2016-03-02,32,11,0.0,0.0
Chicago,2016-01-20,23,12,0.05,0.9
Chicago,2016-02-09,21,13,0.02,0.6
Chicago,2016-12-20,28,14,0.0,0.0
Chicago,2016-01-05,33,17,0.0,0.0
Chicago,2016-12-08,24,17,0.01,0.0
Chicago,2016-02-15,27,18,0.01,0.1
Chicago,2016-03-01,30,18,0.1,1.0
Chicago,2016-12-09,25,18,0.0,0.0
Chicago,2016-12-10,23,18,0.12,2.7
Chicago,2016-12-17,22,18,0.12,1.7
Chicago,2016-01-01,31,19,0.0,0.0
Chicago,2016-01-22,30,19,0.02,0.4
Chicago,2016-02-04,32,19,0.0,0.0
Chicago,2016-12-21,36,19,0.0,0.0
Chicago,2016-12-27,28,19,0.0,0.0
Chicago,2016-12-28,45,19,0.0,0.0
Chicago,2016-01-02,32,20,0.0,0.0
Chicago,2016-01-23,33,20,0.0,0.0
Chicago,2016-01-29,35,20,0.0,0.0
Chicago,2016-02-08,32,20,0.02,0.4
Chicago,2016-03-04,39,20,0.07,0.8
Chicago,2016-01-06,36,21,0.0,0.0
Chicago,2016-02-17,34,21,0.0,0.0
Chicago,2016-01-03,29,22,0.0,0.0
Chicago,2016-01-04,31,22,0.0,0.0
Chicago,2016-04-09,38,22,0.0,0.0
Chicago,2016-11-21,41,22,0.0,0.0
Chicago,2016-12-07,27,22,0.0,0.0
Chicago,2016-01-09,40,23,0.27,1.7
Chicago,2016-01-27,34,23,0.0,0.0
Chicago,2016-02-18,42,23,0.0,0.0
Chicago,2016-11-20,35,23,0.0,0.0
Chicago,2016-12-11,33,23,0.44,5.1
Chicago,2016-12-31,40,23,0.0,0.0
Chicago,2016-01-14,44,24,0.0,0.0
Chicago,2016-01-24,34,24,0.0,0.0
Chicago,2016-01-25,41,24,0.13,0.0
Chicago,2016-01-26,36,24,0.02,0.0
Chicago,2016-02-06,41,24,0.0,0.0
Chicago,2016-02-16,33,24,0.04,0.4
Chicago,2016-02-26,33,24,0.0,0.0
Chicago,2016-04-05,45,24,0.02,0.0
Chicago,2016-12-22,37,24,0.0,0.0
Chicago,2016-12-30,38,24,0.0,0.0
Chicago,2016-02-05,34,25,0.0,0.0
Chicago,2016-11-22,41,25,0.02,0.0
Chicago,2016-12-06,41,25,0.0,0.0
Chicago,2016-02-22,44,26,0.0,0.0
Chicago,2016-02-23,45,26,0.0,0.0
Chicago,2016-04-03,71,26,0.0,0.0
Chicago,2016-04-08,41,26,0.1,0.7
Chicago,2016-03-03,33,27,0.07,0.8
Chicago,2016-04-02,40,27,0.02,0.3
Chicago,2016-12-04,33,27,0.5,6.4
Chicago,2016-12-23,35,27,0.1,0.0
Chicago,2016-02-03,37,28,0.02,0.0
Chicago,2016-02-27,54,28,0.0,0.0
Chicago,2016-02-29,52,28,0.0,0.0
Chicago,2016-03-21,49,28,0.0,0.0
Chicago,2016-03-25,48,28,0.0,0.0
Chicago,2016-11-19,39,28,0.01,0.0
Chicago,2016-12-26,54,28,0.23,0.0
Chicago,2016-01-28,39,29,0.0,0.0
Chicago,2016-02-21,41,29,0.0,0.0
Chicago,2016-03-05,39,29,0.0,0.0
Chicago,2016-04-04,38,29,0.0,0.0
Chicago,2016-12-03,34,29,0.0,0.0
Chicago,2016-01-15,43,30,0.01,0.0
Chicago,2016-02-01,45,30,0.0,0.0
Chicago,2016-03-20,44,30,0.0,0.0
Chicago,2016-03-24,39,30,1.09,0.0
Chicago,2016-04-12,47,30,0.0,0.0
Chicago,2016-12-29,35,30,0.0,0.0
Chicago,2016-02-25,37,31,0.0,0.0
Chicago,2016-03-26,54,31,0.0,0.0
Chicago,2016-03-29,58,31,0.0,0.0
Chicago,2016-11-12,52,31,0.0,0.0
Chicago,2016-11-25,42,31,0.0,0.0
Chicago,2016-12-05,34,31,0.0,0.0
Chicago,2016-02-02,38,32,0.79,0.0
Chicago,2016-02-07,43,32,0.0,0.0
Chicago,2016-02-24,36,32,0.15,1.7
Chicago,2016-03-18,49,32,0.0,0.0
Chicago,2016-11-26,47,32,0.0,0.0
Chicago,2016-11-27,44,32,0.05,0.0
Chicago,2016-12-25,39,32,0.09,0.0
Chicago,2016-01-31,48,33,0.02,0.0
Chicago,2016-03-06,52,33,0.0,0.0
Chicago,2016-03-12,59,33,0.0,0.0
Chicago,2016-04-07,41,33,0.06,0.1
Chicago,2016-04-10,50,33,0.1,0.0
Chicago,2016-12-24,38,33,0.0,0.0
Chicago,2016-01-07,41,34,0.01,0.0
Chicago,2016-03-11,55,34,0.0,0.0
Chicago,2016-04-13,56,34,0.0,0.0
Chicago,2016-11-30,45,34,0.0,0.0
Chicago,2016-12-02,40,34,0.0,0.0
Chicago,2016-01-30,46,35,0.0,0.0
Chicago,2016-03-19,46,35,0.0,0.0
Chicago,2016-03-28,53,35,0.0,0.0
Chicago,2016-04-01,49,35,0.08,0.0
Chicago,2016-05-15,55,35,0.0,0.0
Chicago,2016-11-13,56,35,0.0,0.0
Chicago,2016-11-24,43,35,0.0,0.0
Chicago,2016-12-01,41,35,0.0,0.0
Chicago,2016-01-08,42,36,0.19,0.0
Chicago,2016-02-28,62,36,0.08,0.0
Chicago,2016-03-23,42,36,0.11,0.0
Chicago,2016-03-27,63,36,0.32,0.0
Chicago,2016-04-11,51,36,0.0,0.0
Chicago,2016-10-25,54,36,0.0,0.0
Chicago,2016-03-10,51,37,0.0,0.0
Chicago,2016-04-14,61,37,0.0,0.0
Chicago,2016-10-21,54,37,0.0,0.0
Chicago,2016-10-22,60,37,0.0,0.0
Chicago,2016-11-11,52,37,0.0,0.0
Chicago,2016-11-23,44,37,0.21,0.0
Chicago,2016-02-20,57,38,0.0,0.0
Chicago,2016-04-23,60,38,0.0,0.0
Chicago,2016-10-13,57,38,0.0,0.0
Chicago,2016-10-14,66,38,0.0,0.0
Chicago,2016-10-28,65,38,0.0,0.0
Chicago,2016-10-31,61,38,0.0,0.0
Chicago,2016-11-15,54,38,0.0,0.0
Chicago,2016-05-19,69,39,0.0,0.0
Chicago,2016-10-24,59,39,0.0,0.0
Chicago,2016-11-16,60,39,0.0,0.0
Chicago,2016-11-18,66,39,0.2,0.0
Chicago,2016-03-17,56,40,0.0,0.0
Chicago,2016-03-22,63,40,0.0,0.0
Chicago,2016-04-06,50,40,0.31,0.0
Chicago,2016-05-03,67,40,0.0,0.0
Chicago,2016-10-08,65,40,0.0,0.0
Chicago,2016-11-04,63,40,0.0,0.0
Chicago,2016-02-19,62,41,0.0,0.0
Chicago,2016-04-16,76,41,0.0,0.0
Chicago,2016-04-22,54,41,0.0,0.0
Chicago,2016-04-24,78,41,0.0,0.0
Chicago,2016-04-27,49,41,0.47,0.0
Chicago,2016-04-29,51,41,0.01,0.0
Chicago,2016-05-05,61,41,0.0,0.0
Chicago,2016-05-08,71,41,0.0,0.0
Chicago,2016-05-14,47,41,0.0,0.0
Chicago,2016-05-18,65,41,0.0,0.0
Chicago,2016-10-23,73,41,0.0,0.0
Chicago,2016-10-30,56,41,0.5,0.0
Chicago,2016-11-09,58,41,0.0,0.0
Chicago,2016-11-10,63,41,0.0,0.0
Chicago,2016-11-14,60,41,0.0,0.0
Chicago,2016-11-28,51,41,0.99,0.0
Chicago,2016-03-30,62,42,0.13,0.0
Chicago,2016-04-15,68,42,0.0,0.0
Chicago,2016-04-26,68,42,0.0,0.0
Chicago,2016-04-28,50,42,0.45,0.0
Chicago,2016-05-01,49,42,0.51,0.0
Chicago,2016-05-02,59,42,0.0,0.0
Chicago,2016-05-04,57,42,0.4,0.0
Chicago,2016-05-06,82,42,0.0,0.0
Chicago,2016-10-27,51,42,0.0,0.0
Chicago,2016-11-06,69,42,0.0,0.0
Chicago,2016-11-07,66,42,0.0,0.0
Chicago,2016-03-13,48,43,0.66,0.0
Chicago,2016-03-14,55,43,0.01,0.0
Chicago,2016-04-30,48,43,0.61,0.0
Chicago,2016-05-13,66,43,0.68,0.0
Chicago,2016-11-05,68,43,0.0,0.0
Chicago,2016-03-07,63,44,0.03,0.0
Chicago,2016-03-31,67,44,0.39,0.0
Chicago,2016-05-07,70,44,0.02,0.0
Chicago,2016-05-17,57,44,0.0,0.0
Chicago,2016-05-20,68,44,0.0,0.0
Chicago,2016-11-17,72,44,0.0,0.0
Chicago,2016-11-29,57,44,0.0,0.0
Chicago,2016-03-16,56,45,0.04,0.0
Chicago,2016-04-17,79,45,0.0,0.0
Chicago,2016-10-10,71,45,0.0,0.0
Chicago,2016-10-12,69,45,0.14,0.0
Chicago,2016-10-20,56,45,0.0,0.0
Chicago,2016-10-26,51,45,1.6,0.0
Chicago,2016-03-15,58,46,0.14,0.0
Chicago,2016-04-19,57,46,0.0,0.0
Chicago,2016-05-16,70,46,0.0,0.0
Chicago,2016-10-07,70,47,0.0,0.0
Chicago,2016-10-09,63,47,0.0,0.0
Chicago,2016-03-09,63,48,0.18,0.0
Chicago,2016-05-23,81,48,0.0,0.0
Chicago,2016-11-03,67,48,0.0,0.0
Chicago,2016-04-18,83,49,0.0,0.0
Chicago,2016-10-19,71,49,0.02,0.0
Chicago,2016-11-08,63,49,0.03,0.0
Chicago,2016-04-21,70,50,0.01,0.0
Chicago,2016-05-09,58,50,0.59,0.0
Chicago,2016-09-28,60,50,0.31,0.0
Chicago,2016-04-20,71,51,0.48,0.0
Chicago,2016-05-10,63,51,0.79,0.0
Chicago,2016-05-11,69,51,0.19,0.0
Chicago,2016-06-07,67,51,0.0,0.0
Chicago,2016-09-11,76,51,0.0,0.0
Chicago,2016-09-27,70,51,0.0,0.0
Chicago,2016-06-08,70,52,0.0,0.0
Chicago,2016-05-12,70,53,0.48,0.0
Chicago,2016-05-21,75,53,0.0,0.0
Chicago,2016-05-22,77,53,0.0,0.0
Chicago,2016-06-09,72,53,0.21,0.0
Chicago,2016-10-15,70,53,0.0,0.0
Chicago,2016-06-13,86,54,0.02,0.0
Chicago,2016-07-02,76,54,0.0,0.0
Chicago,2016-09-12,79,54,0.0,0.0
Chicago,2016-10-11,73,54,0.0,0.0
Chicago,2016-06-03,84,55,0.0,0.0
Chicago,2016-06-29,81,55,0.0,0.0
Chicago,2016-07-03,77,55,0.0,0.0
Chicago,2016-10-18,76,55,0.0,0.0
Chicago,2016-11-02,65,55,0.18,0.0
Chicago,2016-08-22,78,56,0.0,0.0
Chicago,2016-09-03,76,56,0.0,0.0
Chicago,2016-09-19,88,56,0.0,0.0
Chicago,2016-09-26,69,56,0.0,0.0
Chicago,2016-10-02,65,56,0.03,0.0
Chicago,2016-10-29,71,56,0.0,0.0
Chicago,2016-06-02,79,57,0.0,0.0
Chicago,2016-06-28,71,57,0.0,0.0
Chicago,2016-06-30,78,57,0.0,0.0
Chicago,2016-07-16,77,57,0.0,0.0
Chicago,2016-09-18,81,57,0.0,0.0
Chicago,2016-10-01,64,57,0.94,0.0
Chicago,2016-10-03,67,57,0.0,0.0
Chicago,2016-03-08,70,58,0.0,0.0
Chicago,2016-04-25,83,58,0.08,0.0
Chicago,2016-06-18,87,58,0.0,0.0
Chicago,2016-08-21,76,58,0.0,0.0
Chicago,2016-10-06,74,58,0.25,0.0
Chicago,2016-06-06,82,59,0.0,0.0
Chicago,2016-06-12,79,59,0.0,0.0
Chicago,2016-07-01,72,59,0.0,0.0
Chicago,2016-09-04,80,59,0.0,0.0
Chicago,2016-09-10,73,59,0.01,0.0
Chicago,2016-09-29,65,59,0.2,0.0
Chicago,2016-10-05,80,59,0.0,0.0
Chicago,2016-05-24,86,60,0.0,0.0
Chicago,2016-07-10,82,60,0.0,0.0
Chicago,2016-07-15,75,60,0.14,0.0
Chicago,2016-08-23,81,60,0.0,0.0
Chicago,2016-09-15,78,60,0.0,0.0
Chicago,2016-09-30,64,60,0.1,0.0
Chicago,2016-10-04,75,60,0.0,0.0
Chicago,2016-06-05,79,61,0.05,0.0
Chicago,2016-06-17,85,61,0.0,0.0
Chicago,2016-07-17,83,61,0.25,0.0
Chicago,2016-11-01,75,61,0.0,0.0
Chicago,2016-05-26,83,62,0.0,0.0
Chicago,2016-06-01,79,62,0.42,0.0
Chicago,2016-06-04,72,62,0.41,0.0
